Date Submitted,Workout Date,Activity Type,Calories Burned (kCal),Distance (km),Workout Time (seconds),Avg Pace (min/km),Max Pace (min/km),Avg Speed (km/h),Max Speed (km/h),Avg Heart Rate,Steps,Notes,Source,Link
"Jan. 31, 2021","Jan. 31, 2021",Run,340,4.498164760320001,2336,8.654644376839258,1.100106627296588,6.932683802879999,54.540185356799995,0,6205,b'',Map My Fitness MapMyRun iPhone,http://www.mapmyfitness.com/workout/5429050492
"Jan. 29, 2021","Jan. 29, 2021",Run,273,4.19470685568,2426,9.634733158355205,0.41873769685039364,6.227453168639999,143.28794304,0,6378,b'',Map My Fitness MapMyRun iPhone,http://www.mapmyfitness.com/workout/5421839008
"Jan. 27, 2021","Jan. 27, 2021",Run,246,3.7584619776,2119,9.391714885071183,4.869195150322119,6.3886128768,12.32236076544,0,5584,b'',Map My Fitness MapMyRun iPhone,http://www.mapmyfitness.com/workout/5409001552
"Jan. 24, 2021","Jan. 24, 2021",Run,247,3.78683471232,2132,9.382580728545296,4.3021193728624825,6.39482494464,13.946607290879998,0,5619,b'',Map My Fitness MapMyRun iPhone,http://www.mapmyfitness.com/workout/5393593789
"Jan. 22, 2021","Jan. 22, 2021",Run,307,4.527277793280001,2489,9.158887099339855,1.006689682255627,6.55101177984,59.60141130239999,0,6575,b'',Map My Fitness MapMyRun iPhone,http://www.mapmyfitness.com/workout/5384702917
"Jan. 19, 2021","Jan. 19, 2021",Run,242,3.70836309888,2115,9.505425813250616,0.44809002922930086,6.31218513024,133.90176602879998,0,5568,b'',Map My Fitness MapMyRun iPhone,http://www.mapmyfitness.com/workout/5371287922
"Jan. 15, 2021","Jan. 15, 2021",Run,383,5.34255537024,2857,8.91282410721387,0.5842417780163843,6.73186985856,102.69722960639999,0,7567,b'',Map My Fitness MapMyRun iPhone,http://www.mapmyfitness.com/workout/5354297950
"Jan. 11, 2021","Jan. 11, 2021",Run,248,3.79554126336,2130,9.35138789469498,1.3932881969299291,6.416180939519999,43.0634704896,0,5616,b'',Map My Fitness MapMyRun iPhone,http://www.mapmyfitness.com/workout/5335450357
"Jan. 8, 2021","Jan. 8, 2021",Run,321,4.20458822784,2173,8.612888232720909,0.8759221148492801,6.96630299904,68.49931334399999,0,5775,b'',Map My Fitness MapMyRun iPhone,http://www.mapmyfitness.com/workout/5314123147
"Jan. 6, 2021","Jan. 4, 2021",Run,177,2.13510059136,1027,7.943174361727511,0.9061393959277818,7.553633091839999,66.21517140479999,0,2750,b'',Map My Fitness MapMyRun iPhone,http://www.mapmyfitness.com/workout/5302820281
"Dec. 31, 2020","Dec. 31, 2020",Run,336,4.256956281600001,2156,8.438282927702218,0.35311095701105544,7.110435847679999,169.91775820799998,0,5741,b'',Map My Fitness MapMyRun iPhone,http://www.mapmyfitness.com/workout/5226686605
"Dec. 28, 2020","Dec. 28, 2020",Run,317,4.0809101414399995,2086,8.519434005408414,1.1865517875606457,7.04271465216,50.5667150208,0,5550,b'',Map My Fitness MapMyRun iPhone,http://www.mapmyfitness.com/workout/5218451668
"Dec. 24, 2020","Dec. 24, 2020",Run,260,3.7230403161600005,2019,9.037409031257456,2.7221712697844587,6.63905899008,22.041253555199997,0,5340,b'',Map My Fitness MapMyRun iPhone,http://www.mapmyfitness.com/workout/5189772820
"Dec. 20, 2020","Dec. 20, 2020",Run,534,7.13399664384,3729,8.71174838940587,1.5902628648691641,6.88723592832,37.72962167039999,0,9899,b'',Map My Fitness MapMyRun iPhone,http://www.mapmyfitness.com/workout/5165412412
"Dec. 18, 2020","Dec. 18, 2020",Run,310,4.2357129408,2242,8.820301936689733,5.289826165195259,6.80250396672,11.34252776448,,5944,b'Note',Map My Fitness MapMyRun iPhone,http://www.mapmyfitness.com/workout/5154506638
"Dec. 16, 2020","Dec. 16, 2020",Run,329,4.093366464,2052,8.354646365227072,0.7312358327368169,7.181649319679999,82.0530475776,0,5470,b'',Map My Fitness MapMyRun iPhone,http://www.mapmyfitness.com/workout/5144597374
"Dec. 13, 2020","Dec. 13, 2020",Run,489,6.43365841536,3333,8.63233715103794,1.140253420027042,6.950611895039999,52.619916096,0,8855,b'',Map My Fitness MapMyRun iPhone,http://www.mapmyfitness.com/workout/5121495409
"Dec. 11, 2020","Dec. 11, 2020",Run,371,5.09814429696,2706,8.846337389644477,0.19734749065457727,6.7824515404799985,304.032440448,0,7172,b'',Map My Fitness MapMyRun iPhone,http://www.mapmyfitness.com/workout/5109716065
"Dec. 9, 2020","Dec. 9, 2020",Run,289,3.7008152755200006,1885,8.48507217847769,0.9019202855324903,7.07126441472,66.52464825599999,0,5017,b'',Map My Fitness MapMyRun iPhone,http://www.mapmyfitness.com/workout/5097131731
"Dec. 6, 2020","Dec. 6, 2020",Run,377,5.0987236608,2681,8.76468921498449,0.37520070289509266,6.8456343859199995,159.9142368384,0,7113,b'',Map My Fitness MapMyRun iPhone,http://www.mapmyfitness.com/workout/5078722372
"Dec. 4, 2020","Dec. 4, 2020",Run,428,5.4431876505600005,2764,8.463572735226277,1.4699840431877833,7.08919250688,40.8168262656,0,7358,b'',Map My Fitness MapMyRun iPhone,http://www.mapmyfitness.com/workout/5068080340
"Dec. 1, 2020","Dec. 1, 2020",Run,179,2.19929732352,1092,8.265666010498688,0.467729087131154,7.258946112,128.2795227648,0,2914,b'',Map My Fitness MapMyRun iPhone,http://www.mapmyfitness.com/workout/5054133265
"Nov. 30, 2020","Nov. 30, 2020",Run,157,2.19759141888,1175,8.91214059890241,1.425375805297065,6.73240094208,42.0941625984,0,3112,b'',Map My Fitness MapMyRun iPhone,http://www.mapmyfitness.com/workout/5050043449
"Nov. 29, 2020","Nov. 29, 2020",Run,396,5.5214178624,2950,8.902136522707387,6.038137278294759,6.73994876544,9.93684624768,0,7814,b'',Map My Fitness MapMyRun iPhone,http://www.mapmyfitness.com/workout/5043014053
"Nov. 28, 2020","Nov. 28, 2020",Run,157,2.08598341248,1087,8.676640917044459,2.6188620953630792,6.9151097664,22.910621184,0,2886,b'',Map My Fitness MapMyRun iPhone,http://www.mapmyfitness.com/workout/5036795464
"Nov. 27, 2020","Nov. 27, 2020",Run,175,2.05234812288,944,7.659518412471169,0.7261902986558498,7.833369265919999,82.622916288,0,2540,b'',Map My Fitness MapMyRun iPhone,http://www.mapmyfitness.com/workout/5031846697
"Nov. 26, 2020","Nov. 26, 2020",Run,152,2.06734720896,1091,8.786312932474349,0.007169940050107373,6.82880064768,8368.23474432,0,2893,b'',Map My Fitness MapMyRun iPhone,http://www.mapmyfitness.com/workout/5026538986
"Nov. 25, 2020","Nov. 25, 2020",Run,147,2.10539210112,1142,9.040018790264853,0.41368719179988866,6.637143870719999,145.03729996799999,0,3021,b'',Map My Fitness MapMyRun iPhone,http://www.mapmyfitness.com/workout/5023465624
"Nov. 24, 2020","Nov. 24, 2020",Run,148,2.0446876454400003,1086,8.847207309313609,7.187400580609242,6.781807802879999,8.34797310336,0,2878,b'',Map My Fitness MapMyRun iPhone,http://www.mapmyfitness.com/workout/5019097159
"Nov. 23, 2020","Nov. 23, 2020",Run,139,2.1290172710400004,1201,9.396188757655294,2.466234689413823,6.38557121664,24.3286141824,0,3165,b'',Map My Fitness MapMyRun iPhone,http://www.mapmyfitness.com/workout/5012442151
"Nov. 22, 2020","Nov. 22, 2020",Run,405,5.49166109184,2892,8.772829177602798,0.3790855155889605,6.83929357056,158.27576371199999,0,7671,b'',Map My Fitness MapMyRun iPhone,http://www.mapmyfitness.com/workout/5004947446
"Nov. 21, 2020","Nov. 21, 2020",Run,289,3.69061203456,1880,8.48438867016623,0.6076972977809592,7.07179549824,98.73325439999999,0,5003,b'',Map My Fitness MapMyRun iPhone,http://www.mapmyfitness.com/workout/4997526094
"Nov. 20, 2020","Nov. 20, 2020",Run,164,2.11190994432,1079,8.510672671597868,6.979800465282749,7.049972793599999,8.59626269568,0,2871,b'',Map My Fitness MapMyRun iPhone,http://www.mapmyfitness.com/workout/4989422563
"Nov. 18, 2020","Nov. 18, 2020",Run,186,2.64370157568,1428,8.998262646146504,1.0440092360614013,6.6679628083199995,57.4708007808,0,3778,b'',Map My Fitness MapMyRun iPhone,http://www.mapmyfitness.com/workout/4975375936
"Nov. 17, 2020","Nov. 17, 2020",Run,169,2.07811372032,1031,8.26970492324823,7.023110037381691,7.255405555199999,8.54318653056,0,2751,b'',Map My Fitness MapMyRun iPhone,http://www.mapmyfitness.com/workout/4969501591
"Nov. 16, 2020","Nov. 16, 2020",Run,151,2.0507226854400002,1081,8.782274019724806,0.3705397975821204,6.831938868479999,161.925755904,0,2867,b'',Map My Fitness MapMyRun iPhone,http://www.mapmyfitness.com/workout/4961834140
"Nov. 15, 2020","Nov. 15, 2020",Run,325,4.62506153472,2499,9.004476358068878,0.3833456364829396,6.663360084479999,156.5165897856,0,6612,b'',Map My Fitness MapMyRun iPhone,http://www.mapmyfitness.com/workout/4952447422
"Nov. 14, 2020","Nov. 14, 2020",Run,149,2.0841809472,1116,8.920839795593732,0.5014583581881811,6.725834818559999,119.6510249088,0,2955,b'',Map My Fitness MapMyRun iPhone,http://www.mapmyfitness.com/workout/4941098302
"Nov. 13, 2020","Nov. 13, 2020",Run,171,2.15195042304,1087,8.358995963572735,1.7043279746281712,7.177899548159999,35.2044,0,2895,b'',Map My Fitness MapMyRun iPhone,http://www.mapmyfitness.com/workout/4926966820
"Nov. 12, 2020","Nov. 12, 2020",Run,158,2.10634161408,1098,8.679872047244094,2.652720611628092,6.912550909439999,22.618364313599997,0,2915,b'',Map My Fitness MapMyRun iPhone,http://www.mapmyfitness.com/workout/4918982101
"Nov. 11, 2020","Nov. 11, 2020",Run,155,2.0664620697600005,1076,8.677324425355922,0.968624483019168,6.914562589439999,61.9433286912,0,2857,b'',Map My Fitness MapMyRun iPhone,http://www.mapmyfitness.com/workout/4904922193
"Nov. 10, 2020","Nov. 10, 2020",Run,200,2.84313148416,1533,8.982106995148333,1.6777519287361806,6.67996851456,35.76219863039999,0,4057,b'',Map My Fitness MapMyRun iPhone,http://www.mapmyfitness.com/workout/4881258052
"Nov. 9, 2020","Nov. 9, 2020",Run,160,2.17847241216,1151,8.809552215064025,2.7720363079615042,6.8107920883199995,21.6447111936,0,3052,b'',Map My Fitness MapMyRun iPhone,http://www.mapmyfitness.com/workout/4864820269
"Nov. 8, 2020","Nov. 8, 2020",Run,304,4.046373619200001,2108,8.679872047244094,0.1102138511095204,6.912550909439999,544.397622912,0,5598,b'',Map My Fitness MapMyRun iPhone,http://www.mapmyfitness.com/workout/4858019029
"Nov. 7, 2020","Nov. 7, 2020",Run,156,2.07626297472,1083,8.69142955141971,0.9362448301916805,6.9033615552,64.0858483584,0,2875,b'',Map My Fitness MapMyRun iPhone,http://www.mapmyfitness.com/workout/4848724750
"Nov. 6, 2020","Nov. 6, 2020",Run,173,2.2164690240000002,1130,8.494019923645908,0.9319138729817864,7.063813151999999,64.38373793279999,0,3007,b'',Map My Fitness MapMyRun iPhone,http://www.mapmyfitness.com/workout/4838077942
"Nov. 5, 2020","Nov. 5, 2020",Run,219,2.81202286464,1435,8.498990893183805,0.4245729937166945,7.0596610444799985,141.3184278528,0,3818,b'',Map My Fitness MapMyRun iPhone,http://www.mapmyfitness.com/workout/4831900279
"Nov. 4, 2020","Nov. 4, 2020",Run,201,2.5929428659200005,1328,8.529562355841882,3.603406108327368,7.03432996992,16.650916761599998,0,3532,b'',Map My Fitness MapMyRun iPhone,http://www.mapmyfitness.com/workout/4819151215
"Nov. 3, 2020","Nov. 3, 2020",Run,197,2.7900875059200003,1504,8.986643004851667,0.4069664409846496,6.67657279872,147.4321647744,0,3980,b'',Map My Fitness MapMyRun iPhone,http://www.mapmyfitness.com/workout/4814782834
"Nov. 2, 2020","Nov. 2, 2020",Run,156,2.1985248384000005,1182,8.964770738884912,1.8333059930008748,6.6928915468799985,32.727780518399996,0,3129,b'',Map My Fitness MapMyRun iPhone,http://www.mapmyfitness.com/workout/4810664863
"Nov. 1, 2020","Nov. 1, 2020",Run,275,3.7812824755200003,2008,8.848015091863516,1.173788823272091,6.78118015872,51.116627865599995,0,5322,b'',Map My Fitness MapMyRun iPhone,http://www.mapmyfitness.com/workout/4807058350
"Oct. 28, 2020","Oct. 28, 2020",Run,190,2.8611561369600005,1590,9.26116479758212,1.925331066571224,6.478687860479999,31.1634981504,0,4196,b'',Map My Fitness MapMyRun iPhone,http://www.mapmyfitness.com/workout/4795875769
"Oct. 25, 2020","Oct. 25, 2020",Run,417,6.119417905920001,3357,9.142855722580132,2.2552667422254036,6.562502496,26.604387532799997,0,8870,b'',Map My Fitness MapMyRun iPhone,http://www.mapmyfitness.com/workout/4788915145
"Oct. 23, 2020","Oct. 23, 2020",Run,251,3.7998382118400005,2115,9.27464855245367,0.4269348256183886,6.469257104639999,140.536769472,0,5580,b'',Map My Fitness MapMyRun iPhone,http://www.mapmyfitness.com/workout/4784011591
"Oct. 20, 2020","Oct. 20, 2020",Run,270,4.043348052480001,2239,9.228294261512765,4.691886880617195,6.50171757312,12.788024451839998,0,5910,b'',Map My Fitness MapMyRun iPhone,http://www.mapmyfitness.com/workout/4775320117
"Oct. 18, 2020","Oct. 18, 2020",Run,274,3.69363760128,1939,8.751329734351387,1.3235330668893661,6.8561112153599995,45.3331283328,0,5145,b'',Map My Fitness MapMyRun iPhone,http://www.mapmyfitness.com/workout/4770211513
"Oct. 16, 2020","Oct. 16, 2020",Run,363,5.46304695552,3033,9.253397657679153,0.465988005050505,6.484095256319999,128.75862447359998,0,8004,b'',Map My Fitness MapMyRun iPhone,http://www.mapmyfitness.com/workout/4765212190
"Oct. 13, 2020","Oct. 13, 2020",Run,202,2.93478362496,1601,9.086435218324983,0.44758236896524295,6.60323499264,134.053527168,0,4232,b'',Map My Fitness MapMyRun iPhone,http://www.mapmyfitness.com/workout/4757381341
"Oct. 11, 2020","Oct. 11, 2020",Run,308,4.72899297024,2707,9.53742642965084,0.4479073460987831,6.2910061632,133.95632279039998,0,7124,b'',Map My Fitness MapMyRun iPhone,http://www.mapmyfitness.com/workout/4750913968
"Oct. 9, 2020","Oct. 9, 2020",Run,334,5.11845421824,2903,9.449813091545375,0.07071266304780084,6.3493287897599995,848.50248384,0,7646,b'',Map My Fitness MapMyRun iPhone,http://www.mapmyfitness.com/workout/4745603170
"Oct. 6, 2020","Oct. 6, 2020",Run,201,2.8909933747200003,1572,9.054496739043982,0.3978608675336037,6.626554387199999,150.8063154048,0,4157,b'',Map My Fitness MapMyRun iPhone,http://www.mapmyfitness.com/workout/4735619827
"Sept. 30, 2020","Sept. 28, 2020",Run,164,2.52081206784,1464,9.676054342638988,0.44043846436809037,6.20086680576,136.2279118464,0,3848,b'',Map My Fitness MapMyRun iPhone,http://www.mapmyfitness.com/workout/4718099758
"Sept. 26, 2020","Sept. 26, 2020",Run,308,4.72002892416,2671,9.429307842201544,2.3065920027042073,6.36315305472,26.012309875199996,0,7037,b'',Map My Fitness MapMyRun iPhone,http://www.mapmyfitness.com/workout/4705450456
"Sept. 22, 2020","Sept. 22, 2020",Run,202,3.1113125683200002,1813,9.709981209735146,0.44382431599459155,6.179221128959999,135.1885974912,0,4764,b'',Map My Fitness MapMyRun iPhone,http://www.mapmyfitness.com/workout/4695436429
"Sept. 20, 2020","Sept. 20, 2020",Run,249,3.7761808550400002,2103,9.280737990137597,0.4350654676688141,6.464992343039999,137.910320064,0,5548,b'',Map My Fitness MapMyRun iPhone,http://www.mapmyfitness.com/workout/4688901079
"Sept. 18, 2020","Sept. 18, 2020",Run,289,4.44037321728,2551,9.573838781515947,0.9025043744531933,6.2670752179199996,66.4818397056,0,6711,b'',Map My Fitness MapMyRun iPhone,http://www.mapmyfitness.com/workout/4683880081
"Sept. 15, 2020","Sept. 15, 2020",Run,156,2.39986986624,1402,9.735705977093772,0.44002960212359815,6.162870193919999,136.35440628479998,0,3683,b'',Map My Fitness MapMyRun iPhone,http://www.mapmyfitness.com/workout/4674975748
"Sept. 13, 2020","Sept. 13, 2020",Run,242,3.7028752358400006,2103,9.462426926747794,0.4595120744850075,6.34087973376,130.573320768,0,5538,b'',Map My Fitness MapMyRun iPhone,http://www.mapmyfitness.com/workout/4669584262
"Sept. 11, 2020","Sept. 11, 2020",Run,261,4.0067515699200005,2287,9.509713274477054,0.15290578024337867,6.3093526848,392.399910144,0,6020,b'',Map My Fitness MapMyRun iPhone,http://www.mapmyfitness.com/workout/4664634988
"Sept. 8, 2020","Sept. 8, 2020",Run,197,3.03937489152,1814,9.94405173785095,1.5405593832020998,6.0337364313599995,38.946929472,0,4756,b'',Map My Fitness MapMyRun iPhone,http://www.mapmyfitness.com/workout/4656346375
"Sept. 6, 2020","Sept. 6, 2020",Run,207,3.17798769024,1843,9.66076861130995,3.679660781038734,6.2106998976,16.305873408,0,4844,b'',Map My Fitness MapMyRun iPhone,http://www.mapmyfitness.com/workout/4651089793
"Sept. 4, 2020","Sept. 4, 2020",Run,238,3.64992781824,2065,9.427878688459398,0.4581295235822795,6.36408647424,130.96728817919998,0,5440,b'',Map My Fitness MapMyRun iPhone,http://www.mapmyfitness.com/workout/4645886989
"Sept. 2, 2020","Sept. 2, 2020",Run,207,3.17045596032,1803,9.47653205281158,1.5469284379225323,6.33143288448,38.7866388096,0,4748,b'',Map My Fitness MapMyRun iPhone,http://www.mapmyfitness.com/workout/4640022187
"Aug. 31, 2020","Aug. 31, 2020",Run,199,3.0498678144,1724,9.414767756303188,0.4142128718285214,6.3729700531199995,144.85303007999997,0,4542,b'',Map My Fitness MapMyRun iPhone,http://www.mapmyfitness.com/workout/4634034937
"Aug. 28, 2020","Aug. 28, 2020",Run,170,2.61375168384,1502,9.570980474031655,0.3209152300564702,6.268925963519999,186.9655392,0,3951,b'',Map My Fitness MapMyRun iPhone,http://www.mapmyfitness.com/workout/4626504976
"July 28, 2020","July 28, 2020",Run,210,3.2262519168000003,1851,9.556378251014078,2.0798971506402606,6.278549840639999,28.847652134399997,0,4870,b'',Map My Fitness MapMyRun iPhone,http://www.mapmyfitness.com/workout/4536837157
"July 18, 2020","July 18, 2020",Run,222,3.3153291072,1833,9.211952199156924,1.4629252664439674,6.5132726630399995,41.0138099712,0,4839,b'',Map My Fitness MapMyRun iPhone,http://www.mapmyfitness.com/workout/4508254936
"July 14, 2020","July 14, 2020",Run,195,2.9989320768,1770,9.83537391632864,7.194670623558419,6.100443740159999,8.33947576704,0,4645,b'',Map My Fitness MapMyRun iPhone,http://www.mapmyfitness.com/workout/4495907266
"July 10, 2020","July 10, 2020",Run,214,3.2676925248,1829,9.328272886343752,1.1842030044539886,6.43204907136,50.666977151999994,0,4823,b'',Map My Fitness MapMyRun iPhone,http://www.mapmyfitness.com/workout/4484843398
"June 30, 2020","June 30, 2020",Run,280,3.9657454848,2139,8.986332319255547,7.262027260796945,6.67681420032,8.26217897472,0,5661,b'',Map My Fitness MapMyRun iPhone,http://www.mapmyfitness.com/workout/4453909921
"June 27, 2020","June 27, 2020",Run,270,4.002213219840001,2207,9.189023602163365,7.305336832895888,6.529510943999999,8.21317444992,0,5828,b'',Map My Fitness MapMyRun iPhone,http://www.mapmyfitness.com/workout/4444879414
"June 22, 2020","June 22, 2020",Run,268,3.9555261504000003,2175,9.164479440069991,7.246058021156446,6.54700451328,8.28034846848,0,5745,b'',Map My Fitness MapMyRun iPhone,http://www.mapmyfitness.com/workout/4427977870
"June 20, 2020","June 20, 2020",Run,317,4.70607591168,2594,9.18461186669848,7.325034299689812,6.532649164799999,8.1910781568,0,6851,b'',Map My Fitness MapMyRun iPhone,http://www.mapmyfitness.com/workout/4422074287
"June 17, 2020","June 17, 2020",Run,276,4.23259081344,2402,9.456523900421537,7.414573888491211,6.34480653312,8.092151781119998,0,6326,b'',Map My Fitness MapMyRun iPhone,http://www.mapmyfitness.com/workout/4412027383
"June 15, 2020","June 15, 2020",Run,263,4.0203827136,2246,9.30826473395371,6.3233839378032295,6.445873336319999,9.488579569919999,0,5924,b'',Map My Fitness MapMyRun iPhone,http://www.mapmyfitness.com/workout/4404292084
"June 13, 2020","June 13, 2020",Run,191,2.91461854464,1638,9.366673626024019,7.544067644953471,6.405704110079999,7.953281487359999,0,4318,b'',Map My Fitness MapMyRun iPhone,http://www.mapmyfitness.com/workout/4397604706
"June 11, 2020","June 11, 2020",Run,138,2.11557924864,1191,9.375248548476893,6.592996898115008,6.399813911039999,9.10055063808,0,3139,b'',Map My Fitness MapMyRun iPhone,http://www.mapmyfitness.com/workout/4391391928
"June 9, 2020","June 9, 2020",Run,264,4.0335793344,2257,9.320381472202339,7.121597371351308,6.437504747519999,8.425044587519999,0,5952,b'',Map My Fitness MapMyRun iPhone,http://www.mapmyfitness.com/workout/4383538354
"June 4, 2020","June 4, 2020",Run,201,2.91785332608,1591,9.08506820170206,7.156518432355047,6.604232785919999,8.3839580352,0,4206,b'',Map My Fitness MapMyRun iPhone,http://www.mapmyfitness.com/workout/4366325956
"June 2, 2020","June 2, 2020",Run,260,3.9826918771200006,2235,9.349461643999046,6.144435248150799,6.417484508159999,9.7649361216,0,5893,b'',Map My Fitness MapMyRun iPhone,http://www.mapmyfitness.com/workout/4358547457
"May 31, 2020","May 31, 2020",Run,277,4.2496981401600005,2413,9.460624950290304,7.591540404040403,6.342086741759999,7.903520570879999,0,6355,b'',Map My Fitness MapMyRun iPhone,http://www.mapmyfitness.com/workout/4351132297
"May 27, 2020","May 27, 2020",Run,231,3.4770520857600005,1929,9.248364551022032,2.4080681321084865,6.48765190656,24.916185676799998,0,5091,b'',Map My Fitness MapMyRun iPhone,http://www.mapmyfitness.com/workout/4335921439
"May 25, 2020","May 25, 2020",Run,179,2.5058612620800003,1343,8.92313886900501,6.272990734112781,6.72409672704,9.564814195199999,0,3556,b'',Map My Fitness MapMyRun iPhone,http://www.mapmyfitness.com/workout/4327844788
"May 23, 2020","May 23, 2020",Run,276,4.03187342976,2208,9.127445717012646,7.3600796349319975,6.573574782719999,8.152099845119999,0,5835,b'',Map My Fitness MapMyRun iPhone,http://www.mapmyfitness.com/workout/4320676264
"May 21, 2020","May 21, 2020",Run,228,3.46512684672,1932,9.29695577825499,7.103142646941859,6.4537108416,8.446947759359999,0,5097,b'',Map My Fitness MapMyRun iPhone,http://www.mapmyfitness.com/workout/4313216728
"May 19, 2020","May 19, 2020",Run,246,3.55716523008,1936,9.066551340173387,7.386860733317426,6.617751275519999,8.122568382719999,0,5119,b'',Map My Fitness MapMyRun iPhone,http://www.mapmyfitness.com/workout/4304865016
"May 17, 2020","May 17, 2020",Run,176,2.48125439232,1334,8.951970492324824,7.22549063469339,6.7024349567999995,8.30390926464,0,3531,b'',Map My Fitness MapMyRun iPhone,http://www.mapmyfitness.com/workout/4297419442
"May 15, 2020","May 15, 2020",Run,238,3.3539855500800004,1803,8.956506502028155,6.811533146424878,6.6990553344,8.80856735616,0,4773,b'',Map My Fitness MapMyRun iPhone,http://www.mapmyfitness.com/workout/4290312310
"May 13, 2020","May 13, 2020",Run,183,2.72154554496,1504,9.20542780163843,7.050574644078581,6.51790757376,8.509921390079999,0,3971,b'',Map My Fitness MapMyRun iPhone,http://www.mapmyfitness.com/workout/4281117574
"May 11, 2020","May 11, 2020",Run,132,1.9071048268800002,1036,9.050582100532887,7.24761144913704,6.62940292608,8.27861037696,0,2740,b'',Map My Fitness MapMyRun iPhone,http://www.mapmyfitness.com/workout/4273364932
"May 5, 2020","May 5, 2020",Run,219,3.31465318272,1843,9.263774556589517,7.751543486041517,6.4768371148799995,7.740413556479999,0,4863,b'',Map My Fitness MapMyRun iPhone,http://www.mapmyfitness.com/workout/4249402210
"May 2, 2020","May 2, 2020",Run,220,3.2744839564800006,1808,9.196480056470214,7.082575260478804,6.524248389119999,8.4715063488,0,4774,b'',Map My Fitness MapMyRun iPhone,http://www.mapmyfitness.com/workout/4236750409
"April 30, 2020","April 30, 2020",Run,211,3.0733481433600005,1678,9.098800505050505,7.523251710013521,6.59425485312,7.975281219839999,0,4435,b'',Map My Fitness MapMyRun iPhone,http://www.mapmyfitness.com/workout/4229223940
"April 28, 2020","April 28, 2020",Run,194,2.9701891929600004,1672,9.37419221745009,7.602849359739123,6.40055420928,7.891772359679999,0,4407,b'',Map My Fitness MapMyRun iPhone,http://www.mapmyfitness.com/workout/4221162631
"April 26, 2020","April 26, 2020",Run,221,2.9939270169600003,1576,8.771213612502983,5.87026763699992,6.84058104576,10.22100811776,0,4181,b'',Map My Fitness MapMyRun iPhone,http://www.mapmyfitness.com/workout/4213259284
"April 20, 2020","April 20, 2020",Run,171,2.3829395673600002,1274,8.90797741191442,6.988437524854848,6.735539162879999,8.58564102528,0,3374,b'',Map My Fitness MapMyRun iPhone,http://www.mapmyfitness.com/workout/4190182324
"May 13, 2018","May 13, 2018",Run,322,3.77371855872,1818,8.029234271852381,4.012970502266762,7.472715275519999,14.95151387136,0,4866,b'',Map My Fitness MapMyRun iPhone,http://www.mapmyfitness.com/workout/2882433283
"April 29, 2018","April 29, 2018",Run,335,4.36994832384,2332,8.894058697208303,4.313751441581166,6.74606427264,13.909013015039998,0,6178,b'',Map My Fitness MapMyRun iPhone,http://www.mapmyfitness.com/workout/2851001869
"April 29, 2018","April 22, 2018",Run,267,3.47774410368,1850,8.865910582199952,4.691495416766086,6.767500734719999,12.78910271232,0,4902,b'',Map My Fitness MapMyRun iPhone,http://www.mapmyfitness.com/workout/2850958681
"March 25, 2018","March 25, 2018",Run,129,1.322117938944,381,4.802901057822317,1.7634141612980196,12.4924523328,34.0249117824,0,1093,b'',Map My Fitness MapMyRun iPhone,http://www.mapmyfitness.com/workout/2781875261
"March 13, 2018","March 13, 2018",Run,410,4.16285793792,1640,6.565967251252684,2.2588458402926905,9.138000072959999,26.562222719999998,0,4494,b'',Map My Fitness MapMyRun iPhone,http://www.mapmyfitness.com/workout/2760996640
"March 11, 2018","March 11, 2018",Run,446,5.0448267302400005,2358,7.79019277419868,4.70098375487155,7.702014608639999,12.763288834559999,0,6333,b'',Map My Fitness MapMyRun iPhone,http://www.mapmyfitness.com/workout/2757278980
"March 7, 2018","March 7, 2018",Run,330,3.8020752,1805,7.9123543505925396,5.116569235663724,7.583084087039999,11.72659771008,0,4839,b'',Map My Fitness MapMyRun iPhone,http://www.mapmyfitness.com/workout/2749178560
"March 4, 2018","March 4, 2018",Run,390,4.27968021888,1949,7.590111250298258,5.511307712956335,7.90500116736,10.886713263359999,0,5249,b'',Map My Fitness MapMyRun iPhone,http://www.mapmyfitness.com/workout/2743527814
"Feb. 25, 2018","Feb. 25, 2018",Run,313,3.3815053324800006,1519,7.486839358148413,5.239327328402131,8.01408250368,11.4518505024,0,4097,b'',Map My Fitness MapMyRun iPhone,http://www.mapmyfitness.com/workout/2731208848
"Feb. 21, 2018","Feb. 20, 2018",Run,271,3.23230305024,1575,8.121135071184282,6.118840968742544,7.3881281548799995,9.805781272319999,0,4211,b'',Map My Fitness MapMyRun iPhone,http://www.mapmyfitness.com/workout/2724123346
"Feb. 18, 2018","Feb. 18, 2018",Run,292,3.26086890624,1509,7.7126456494074604,5.389220701105543,7.7794079616,11.133329137919999,0,4057,b'',Map My Fitness MapMyRun iPhone,http://www.mapmyfitness.com/workout/2719097035
"July 9, 2017","July 9, 2017",Run,258,2.9731986662400005,1411,7.909558180227472,5.088557822317664,7.5857555980799996,11.79116459136,0,3783,b'',Map My Fitness MapMyRun iPhone,http://www.mapmyfitness.com/workout/2317127537
"June 25, 2017","June 25, 2017",Run,216,2.16855885312,938,7.2090864352183255,4.323264634534319,8.32283515008,13.87840329216,0,2541,b'',Map My Fitness MapMyRun iPhone,http://www.mapmyfitness.com/workout/2285791361
"June 20, 2017","June 20, 2017",Run,266,2.9664716083200005,1370,7.697111369601527,5.538113666189453,7.795115159039999,10.8340233408,0,3684,b'',Map My Fitness MapMyRun iPhone,http://www.mapmyfitness.com/workout/2274472487
"June 15, 2017","June 15, 2017",Run,443,4.600164983040001,2025,7.336716078103873,2.9687251451523107,8.17805856384,20.210624755199998,0,5475,b'',Map My Fitness MapMyRun iPhone,http://www.mapmyfitness.com/workout/2263949660
"June 12, 2017","June 12, 2017",Run,374,3.8436123686400006,1684,7.3021678398154775,4.24194578660622,8.2167471936,14.1444439488,0,4556,b'',Map My Fitness MapMyRun iPhone,http://www.mapmyfitness.com/workout/2257520171
"June 12, 2017","June 2, 2017",Run,293,3.00252091392,1313,7.288311262228585,4.259437385667701,8.232341736959999,14.086378817279998,0,3553,b'',Map My Fitness MapMyRun iPhone,http://www.mapmyfitness.com/workout/2257520381
"June 12, 2017","May 29, 2017",Run,101,1.0157905739520001,423,6.940405531694901,5.123702576950608,8.645025818879999,11.71027896192,0,1151,b'',Map My Fitness MapMyRun iPhone,http://www.mapmyfitness.com/workout/2257520477
"May 28, 2017","May 28, 2017",Run,40,1.2960449568,86,1.1059288753678518,9.026597172512526,54.2530783872,6.64700914944,0,384,b'',Map My Fitness MapMyRun iPhone,http://www.mapmyfitness.com/workout/2222260298
"May 21, 2017","May 21, 2017",Run,410,4.32895833216,1922,7.3997852541159626,5.127194683050981,8.1083578752,11.702296615679998,0,5191,b'',Map My Fitness MapMyRun iPhone,http://www.mapmyfitness.com/workout/2206917701
"May 16, 2017","May 16, 2017",Run,296,3.08944158336,1363,7.3529960033404915,4.824419142209496,8.159921256959999,12.436736843519999,0,3684,b'',Map My Fitness MapMyRun iPhone,http://www.mapmyfitness.com/workout/2196492377
"May 11, 2017","May 11, 2017",Run,312,3.10320147456,1332,7.153908673347649,3.761687992125984,8.3870157888,15.950288851199998,0,3612,b'',Map My Fitness MapMyRun iPhone,http://www.mapmyfitness.com/workout/2185177391
"May 7, 2017","May 7, 2017",Run,446,5.01581025792,2334,7.755458124552612,5.024221049073411,7.73647066368,11.94215324544,0,6271,b'',Map My Fitness MapMyRun iPhone,http://www.mapmyfitness.com/workout/2175050171
"April 30, 2017","April 30, 2017",Run,505,5.07870342144,2089,6.855401952596834,4.257852889127496,8.75219203584,14.091593091839998,0,5694,b'',Map My Fitness MapMyRun iPhone,http://www.mapmyfitness.com/workout/2159770466
"April 11, 2017","April 11, 2017",Run,368,3.65906889216,1563,7.11929829794003,5.355641801877038,8.42779656576,11.203142480639999,0,4241,b'',Map My Fitness MapMyRun iPhone,http://www.mapmyfitness.com/workout/2118298421
"April 9, 2017","April 9, 2017",Run,430,4.3097427648,1784,6.899084347411119,3.3092800544818264,8.696782321919999,18.130869504,0,4859,b'',Map My Fitness MapMyRun iPhone,http://www.mapmyfitness.com/workout/2113597763
"April 2, 2017","April 2, 2017",Run,539,6.09753082752,2851,7.792802533206076,4.630973862642169,7.699439658239999,12.956249180159999,0,7656,b'',Map My Fitness MapMyRun iPhone,http://www.mapmyfitness.com/workout/2099051141
"March 31, 2017","March 30, 2017",Run,364,3.8410213248,1703,7.389532629444047,5.587344905750418,8.119607189759998,10.73855705472,0,4601,b'',Map My Fitness MapMyRun iPhone,http://www.mapmyfitness.com/workout/2095129871
"March 29, 2017","March 29, 2017",Run,376,3.8163983616,1661,7.253763023940189,5.2181137158991495,8.27156145024,11.498408824319998,0,4497,b'',Map My Fitness MapMyRun iPhone,http://www.mapmyfitness.com/workout/2091873128
"March 26, 2017","March 26, 2017",Run,513,5.25487830912,2298,7.288435536467032,4.776250447387258,8.232196896,12.56215302144,0,6218,b'',Map My Fitness MapMyRun iPhone,http://www.mapmyfitness.com/workout/2084782505
"March 22, 2017","March 22, 2017",Run,370,3.6735047078400003,1573,7.136696691322675,4.606150083512288,8.40726133632,13.02606252288,0,4267,b'',Map My Fitness MapMyRun iPhone,http://www.mapmyfitness.com/workout/2076935960
"March 19, 2017","March 19, 2017",Run,483,4.837543223040001,2087,7.190258888093534,5.036089238845143,8.344593480959999,11.914005818879998,0,5656,b'',Map My Fitness MapMyRun iPhone,http://www.mapmyfitness.com/workout/2070661538
"March 19, 2017","March 15, 2017",Run,447,4.44788885376,1913,7.168200210769108,4.6062805714626585,8.37032689152,13.0257084672,0,5186,b'',Map My Fitness MapMyRun iPhone,http://www.mapmyfitness.com/workout/2070661562
"March 12, 2017","March 12, 2017",Run,350,3.4952698598400005,1489,7.100097928099897,4.413792203531377,8.45060097024,13.59375861888,0,4041,b'',Map My Fitness MapMyRun iPhone,http://www.mapmyfitness.com/workout/2058613787
"March 7, 2017","March 7, 2017",Run,406,4.229114630400001,1861,7.334044181977253,4.401644396723136,8.18098756992,13.631272427519997,0,5032,b'',Map My Fitness MapMyRun iPhone,http://www.mapmyfitness.com/workout/2048561501
"March 5, 2017","March 5, 2017",Run,400,4.0035650687999995,1700,7.077045056867892,4.535264057901853,8.47813684608,13.22964453888,0,4616,b'',Map My Fitness MapMyRun iPhone,http://www.mapmyfitness.com/workout/2045015096
"May 23, 2016","May 23, 2016",Run,186,2.78241093504,1685,10.093491509584029,6.361722540364273,5.94441783936,9.43136739072,0,4412,b'',Map My Fitness MapMyRun iPhone,http://www.mapmyfitness.com/workout/1487276419
"May 8, 2016","May 8, 2016",Run,359,4.382871356160001,2164,8.232671200190884,4.562797015429889,7.28802695808,13.14982107648,0,5778,b'',Map My Fitness MapMyRun iPhone,http://www.mapmyfitness.com/workout/1463533045
"May 3, 2016","May 3, 2016",Run,186,2.73631932288,1628,9.919445438638352,2.654037918555635,6.048735517439999,22.607098905599997,0,4270,b'',Map My Fitness MapMyRun iPhone,http://www.mapmyfitness.com/workout/1456118715
"May 2, 2016","May 2, 2016",Run,421,4.48034932224,1992,7.410286427264774,4.210951791537421,8.096818878719999,14.2485685056,0,5380,b'',Map My Fitness MapMyRun iPhone,http://www.mapmyfitness.com/workout/1454304599
"April 19, 2016","April 19, 2016",Run,228,3.37481046144,2026,10.009357850155094,5.153124502903046,5.994404063999999,11.64341071872,0,5027,b'',Map My Fitness MapMyRun iPhone,http://www.mapmyfitness.com/workout/1434703737
"April 17, 2016","April 17, 2016",Run,428,4.4854187558400005,1979,7.356351407778574,4.9984465720194065,8.1562358592,12.00372674688,0,6681,b'',Map My Fitness MapMyRun iPhone,http://www.mapmyfitness.com/workout/1431611049
"April 13, 2016","April 13, 2016",Run,189,2.8188464832,1703,10.06987940427901,5.469856040722182,5.95837085184,10.969208236799998,0,4199,b'',Map My Fitness MapMyRun iPhone,http://www.mapmyfitness.com/workout/1425695141
"April 12, 2016","April 12, 2016",Run,210,3.0320201894400003,1776,9.764351189055914,4.119162839020122,6.14478116736,14.56607598336,0,4516,b'',Map My Fitness MapMyRun iPhone,http://www.mapmyfitness.com/workout/1424135935
"April 11, 2016","April 11, 2016",Run,179,2.54392224768,1469,9.624294122325617,4.025230155889604,6.234228506879999,14.905985529599999,0,3789,b'',Map My Fitness MapMyRun iPhone,http://www.mapmyfitness.com/workout/1422670855
"April 10, 2016","April 10, 2016",Run,388,4.36981957632,2030,7.744087031734669,5.334011870675257,7.747848725759999,11.248558168319999,0,6509,b'',Map My Fitness MapMyRun iPhone,http://www.mapmyfitness.com/workout/1421186109
"April 7, 2016","April 7, 2016",Run,375,4.37480854272,2090,7.964238845144356,4.844153891274954,7.533661132799999,12.3860746944,0,6516,b'',Map My Fitness MapMyRun iPhone,http://www.mapmyfitness.com/workout/1417749601
"April 5, 2016","April 5, 2016",Run,224,3.20529825792,1865,9.697926608605743,5.675001739839338,6.186881606399999,10.57268196864,0,4774,b'',Map My Fitness MapMyRun iPhone,http://www.mapmyfitness.com/workout/1415212893
"April 1, 2016","April 1, 2016",Run,240,3.2462882496,1778,9.132230275192873,2.2806994651236776,6.57011469312,26.3076244992,0,4835,b'',Map My Fitness MapMyRun iPhone,http://www.mapmyfitness.com/workout/1409696991
"March 30, 2016","March 30, 2016",Run,192,2.8685752128,1735,10.085413684084942,3.6430744452397996,5.9491654041599995,16.4695436928,0,4273,b'',Map My Fitness MapMyRun iPhone,http://www.mapmyfitness.com/workout/1406761897
"March 13, 2016","March 13, 2016",Run,368,3.97849148928,1780,7.459064065855404,2.590465431877833,8.04391974144,23.161839782399998,0,5926,b'',Map My Fitness MapMyRun iPhone,http://www.mapmyfitness.com/workout/1383507739
"Feb. 21, 2016","Feb. 21, 2016",Run,372,3.8543788800000005,1690,7.30819514038018,4.606112801240754,8.209987948799998,13.02615908352,0,5741,b'',Map My Fitness MapMyRun iPhone,http://www.mapmyfitness.com/workout/1354590423
"Feb. 19, 2016","Feb. 19, 2016",Run,285,3.0712077158400004,1372,7.4477551101566855,5.292572625864948,8.05615075584,11.33663756544,0,4575,b'',Map My Fitness MapMyRun iPhone,http://www.mapmyfitness.com/workout/1352034823
"Feb. 18, 2016","Feb. 18, 2016",Run,420,4.347739376640001,1905,7.302851348126938,4.812644158116599,8.215958615039998,12.467169538559999,0,6476,b'',Map My Fitness MapMyRun iPhone,http://www.mapmyfitness.com/workout/1350931621
"Feb. 14, 2016","Feb. 14, 2016",Run,371,3.9720219264000005,1769,7.425137198759246,4.639809760995785,8.08064497152,12.931561843199999,0,5916,b'',Map My Fitness MapMyRun iPhone,http://www.mapmyfitness.com/workout/1346070185
"Feb. 13, 2016","Feb. 13, 2016",Run,396,4.35237428736,1974,7.561155352739998,3.2365050604469894,7.93528902144,18.538516339199997,0,6483,b'',Map My Fitness MapMyRun iPhone,http://www.mapmyfitness.com/workout/1344951081
"Feb. 11, 2016","Feb. 11, 2016",Run,354,3.94673913216,1813,7.656846516344547,3.0854186550544815,7.83610515072,19.4463472896,0,5879,b'',Map My Fitness MapMyRun iPhone,http://www.mapmyfitness.com/workout/1342770151
"Feb. 10, 2016","Feb. 10, 2016",Run,360,4.0601335104,1882,7.728366340571065,4.85369815278772,7.763620296959999,12.361709226239999,0,6048,b'',Map My Fitness MapMyRun iPhone,http://www.mapmyfitness.com/workout/1341924479
"Feb. 7, 2016","Feb. 7, 2016",Run,400,4.417778027520001,2014,7.601730891593096,4.341905770301439,7.892914993919999,13.81882537728,0,6580,b'',Map My Fitness MapMyRun iPhone,http://www.mapmyfitness.com/workout/1337821357
"Jan. 14, 2016","Jan. 14, 2016",Run,383,4.11536619648,1836,7.437999582438558,2.4655636085262067,8.06669195904,24.335212492799997,0,6130,b'',Map My Fitness MapMyRun iPhone,http://www.mapmyfitness.com/workout/1309325981
"Jan. 10, 2016","Jan. 10, 2016",Run,379,4.36885396992,2061,7.865875785413186,5.270824634136642,7.62787213056,11.38342119552,0,6507,b'',Map My Fitness MapMyRun iPhone,http://www.mapmyfitness.com/workout/1304097415
"Dec. 20, 2015","Dec. 20, 2015",Run,340,3.8467988697599997,1789,7.754028970810467,4.478607432593654,7.737902979839999,13.397016314879998,0,5730,b'',Map My Fitness MapMyRun iPhone,http://www.mapmyfitness.com/workout/1283476689
"Dec. 13, 2015","Dec. 13, 2015",Run,455,4.43813622912,1948,7.317577845382964,5.180141722341525,8.19941455872,11.5826901696,0,6611,b'',Map My Fitness MapMyRun iPhone,http://www.mapmyfitness.com/workout/1277299559
"Dec. 6, 2015","Dec. 6, 2015",Run,425,4.24771864704,1889,7.412088403722262,4.524197436968106,8.09490375936,13.262008446719998,0,6327,b'',Map My Fitness MapMyRun iPhone,http://www.mapmyfitness.com/workout/1270486375
"Nov. 22, 2015","Nov. 22, 2015",Run,512,5.15122046208,2297,7.433277161377554,4.9049737035711445,8.07179357952,12.232478903039999,0,7673,b'',Map My Fitness MapMyRun iPhone,http://www.mapmyfitness.com/workout/1257100511
"Nov. 20, 2015","Nov. 20, 2015",Run,403,4.03095610368,1792,7.410100015907102,5.3562321045096635,8.097028093439999,11.201903285759998,0,6004,b'',Map My Fitness MapMyRun iPhone,http://www.mapmyfitness.com/workout/1255216605
"Nov. 15, 2015","Nov. 15, 2015",Run,422,4.30927605504,1940,7.506785373419231,5.548534061083274,7.99275869568,10.8136651392,0,6419,b'',Map My Fitness MapMyRun iPhone,http://www.mapmyfitness.com/workout/1249734747
"Nov. 4, 2015","Nov. 4, 2015",Run,380,3.9922996608000005,1843,7.694750159071025,5.313780024656009,7.797496988159999,11.2913989056,0,5946,b'',Map My Fitness MapMyRun iPhone,http://www.mapmyfitness.com/workout/1236980861
"Nov. 1, 2015","Nov. 1, 2015",Run,427,4.04619659136,1704,7.021370198043425,4.949233973594209,8.54531086464,12.123091791359998,0,6027,b'',Map My Fitness MapMyRun iPhone,http://www.mapmyfitness.com/workout/1233420313
"Oct. 27, 2015","Oct. 27, 2015",Run,448,4.32392108544,1882,7.257118428378271,5.446542193589437,8.267779491839999,11.01616889472,,6440,b'',Map My Fitness MapMyRun iPhone,http://www.mapmyfitness.com/workout/1227483357
"Oct. 25, 2015","Oct. 25, 2015",Run,435,4.1164605504,1748,7.079716952994512,4.716567744372862,8.474934251519999,12.72110792832,,6131,b'',Map My Fitness MapMyRun iPhone,http://www.mapmyfitness.com/workout/1224939763
"Oct. 21, 2015","Oct. 21, 2015",Run,0,0,0,0,0,0,0,,,b'',Map My Fitness MapMyRun iPhone,http://www.mapmyfitness.com/workout/1219856467
"Oct. 21, 2015","Oct. 21, 2015",Run,402,4.10426172288,1837,7.463600075558737,3.593165911079297,8.03904342912,16.698392409599997,0,6113,b'#PursuingMyDream',Map My Fitness MapMyRun iPhone,http://www.mapmyfitness.com/workout/1219855993
"Oct. 19, 2015","Oct. 19, 2015",Run,0,3.9099173414400004,1762,7.514117553487632,5.469209814682255,7.984953377279999,10.97051180544,0,5801,b'',Map My Fitness MapMyRun iPhone,http://www.mapmyfitness.com/workout/1217648185
"Oct. 18, 2015","Oct. 18, 2015",Run,0,5.139166475520001,0,0,0,0,0,,7625,b'',Map My Fitness MapMyRun iPhone,http://www.mapmyfitness.com/workout/1216605197
